Universe,Model,N,Violations,Viol_Rate_%,Max_Viol_$,MAE_$,RMSE_$
Liquid (M≤0.2),Market,746,0,0.0,0.0,0.0,0.0
Liquid (M≤0.2),MSE,746,67,8.981233243967829,0.39549018943477454,0.21167181,0.31274116
Liquid (M≤0.2),WMSE,746,0,0.0,0.0,0.18798886,0.2705163
Liquid (M≤0.2),MIX,746,0,0.0,0.0,0.19055319,0.2759932
Deep ITM (M>0.2),Market,286,17,5.944055944055944,0.1411686651810129,0.0,0.0
Deep ITM (M>0.2),WMSE,286,95,33.21678321678322,0.5135801359326397,0.848416,1.2290195
