,mse,rmse,mae,yhat_mean,y_mean,RMSE_impr_%_vs_MSE,MAE_impr_%_vs_MSE
MSE-model,0.07338245958089828,0.2708919703145486,0.032291118055582047,0.3511728346347809,0.3792925179004669,0.0,0.0
WMSE-model,0.08704964816570282,0.2950417735943553,0.03523220121860504,0.3530040681362152,0.3792925179004669,-8.914920309995086,-9.108025178532028
MIX-model,0.08403103798627853,0.2898810755918339,0.03350323811173439,0.35131213068962097,0.3792925179004669,-7.009844276729889,-3.7537258822330304
