slice,n,ck_rmse_mse,ck_rmse_wmse,ck_mae_mse,ck_mae_wmse,mid_rmse_mse,mid_rmse_wmse,Δck_rmse (MSE-WMSE),Δck_mae  (MSE-WMSE),atm_band
ALL,9958,0.2918166518211365,0.38774770498275757,0.0293123759329319,0.049206070601940155,18.50507926940918,27.499792098999023,-0.0959310531616211,-0.019893694669008255,0.05
ATM(|logM|<0.05),2620,0.0033736457116901875,0.0025217137299478054,0.0022447695955634117,0.001778470235876739,2.311877489089966,1.7383508682250977,0.000851931981742382,0.0004662993596866727,0.05
SHORT(T<15d),7172,0.29050537943840027,0.386859655380249,0.027859052643179893,0.0485125295817852,18.054443359375,26.948415756225586,-0.09635427594184875,-0.02065347693860531,0.05
ATMxSHORT,1883,0.0018515955889597535,0.0016610434977337718,0.0014481338439509273,0.0012605446390807629,1.2605397701263428,1.1430017948150635,0.0001905520912259817,0.0001875892048701644,0.05
ALL,9958,0.2918166518211365,0.38774770498275757,0.0293123759329319,0.049206070601940155,18.50507926940918,27.499792098999023,-0.0959310531616211,-0.019893694669008255,0.1
ATM(|logM|<0.1),4352,0.0029650642536580563,0.0022066496312618256,0.0020276764407753944,0.0015312816249206662,2.0149407386779785,1.5284675359725952,0.0007584146223962307,0.0004963948158547282,0.1
SHORT(T<15d),7172,0.29050537943840027,0.386859655380249,0.027859052643179893,0.0485125295817852,18.054443359375,26.948415756225586,-0.09635427594184875,-0.02065347693860531,0.1
ATMxSHORT,3173,0.0018490977818146348,0.0016159230144694448,0.0014591201907023787,0.0011995529057458043,1.2441236972808838,1.1225796937942505,0.00023317476734519005,0.00025956728495657444,0.1
