{"mu": [0.4557880759239197, 0.11324626207351685, 0.19447214901447296], "sd": [0.6048080325126648, 0.279897004365921, 0.05815787985920906], "features": ["t_ann", "M", "VIX"], "model_hyperparams": {"lam": 0.4, "beta": 5.0, "alpha": 0.5}, "model_arch": {"in_dim": 3, "hidden": [64, 64], "dropout": 0.0, "use_softplus": true}}